0,HAVE YOU BEEN A GOOD * LATELY,*,*,<srai>WHAT IS YOUR FAVORITE <star index="2"/></srai>,reductions2.aiml
0,THE * WAS BEEN BY *,*,*,<srai>#Newline        <star index="3"/>#Newline        <map>#Newline          <name>be2was</name>#Newline          <map>#Newline            <name>been2be</name>#Newline            <star index="2"/>#Newline          </map>#Newline        </map> the <star/></srai>,reductions2.aiml
0,DO YOU KNOW WHAT * NAMEIS *,*,*,<srai>WHAT <star/> DOES <star index="2"/><map><name>is2be</name><star index="3"/></map><star index="4"/></srai>,reductions2.aiml
0,COUNT UP TO *,*,*,<srai>COUNT TO <star/></srai>,reductions2.aiml
0,WHAT TIME * YOU * BED,*,*,<srai>SLEEP</srai>,reductions2.aiml
0,WHAT TIME * YOU * BED *,*,*,<srai>SLEEP</srai>,reductions2.aiml
0,_ 60 MINUTES,*,*,<srai>#Newline        <star/> ONE HOUR</srai>,reductions2.aiml
0,_ AN HOUR,*,*,<srai>#Newline        <star/> ONE HOUR</srai>,reductions2.aiml
0,IF IT WERE *,*,*,<srai>IF IT IS <star/></srai>,reductions2.aiml
0,_ WHO IS ARTICLE SHORTER,*,*,<srai>#Newline        <star/> WHO IS SHORTER</srai>,reductions2.aiml
0,_ WHO IS ARTICLE TALLER,*,*,<srai>#Newline        <star/> WHO IS TALLER</srai>,reductions2.aiml
0,WHICH IS LARGER * AND *,*,*,<srai>WHICH IS LARGER <star/> OR <star index="2"/></srai>,reductions2.aiml
0,IS * LARGER THAN *,*,*,<srai>WHICH IS LARGER <star/> OR <star index="2"/></srai>,reductions2.aiml
0,IS * SMALLER THAN *,*,*,<srai>WHICH IS SMALLER <star/> OR <star index="2"/></srai>,reductions2.aiml
0,IS * BIGGER THAN *,*,*,<srai>WHICH IS BIGGER <star/> OR <star index="2"/></srai>,reductions2.aiml
0,WHICH IS SMALLER * OR *,*,*,<think>#Newline        <set var="smaller">#Newline          <srai>SMALLEROF <star/> AND <star index="2"/></srai>#Newline        </set>#Newline      </think>#Newline      <condition var="smaller">#Newline        <li value="unknown">I can't tell which one is smaller.</li>#Newline        <li value="same">They are about the same size.</li>#Newline        <li>#Newline          <formal>#Newline            <get var="smaller"/>#Newline          </formal> is smaller.</li>#Newline      </condition>,reductions2.aiml
0,IS ARTICLE * LARGER THAN *,*,*,<srai>IS <star index="2"/> LARGER THAN <star index="3"/></srai>,reductions2.aiml
0,IS * LARGER THAN ARTICLE *,*,*,<srai>IS <star/> LARGER THAN <star index="3"/></srai>,reductions2.aiml
0,TODAY,*,*,<srai>DAY</srai>,reductions2.aiml
0,WHAT DAY OF THE WEEK IS IT,*,*,<srai>TODAY</srai>,reductions2.aiml
0,WHAT DAY IS IT,*,*,<srai>TODAY</srai>,reductions2.aiml
0,WHAT DAY IS TODAY,*,*,<srai>TODAY</srai>,reductions2.aiml
0,WHAT DAY IS IT TODAY,*,*,<srai>TODAY</srai>,reductions2.aiml
0,WHAT DAY WILL IT BE TOMORROW,*,*,<srai>TOMORROW</srai>,reductions2.aiml
0,WHAT DAY IS TOMORROW,*,*,<srai>TOMORROW</srai>,reductions2.aiml
0,WHAT DAY WILL TOMORROW BE,*,*,<srai>TOMORROW</srai>,reductions2.aiml
0,WHAT MONTH * IS IT,*,*,<srai>MONTH</srai>,reductions2.aiml
0,WHAT MONTH PREPOSITIONARTICLE YEAR IS IT,*,*,<srai>MONTH</srai>,reductions2.aiml
0,WHAT MONTH PREPOSITIONARTICLE YEAR IS *,*,*,<srai>MONTH</srai>,reductions2.aiml
0,WHAT NUMBER COMES AFTER NUMBER,*,*,<srai>SUCCESSOR <star/></srai>,reductions2.aiml
0,WHAT NUMBER COMES AFTER NUMBERNAME,*,*,<srai>SUCCESSOR <map><name>name2number</name><star/></map></srai>,reductions2.aiml
0,WHAT NUMBER COMES BEFORE NUMBER,*,*,<srai>PREDECESSOR <star/></srai>,reductions2.aiml
0,WHAT NUMBER COMES BEFORE NUMBERNAME,*,*,<srai>PREDECESSOR <map><name>name2number</name><star/></map></srai>,reductions2.aiml
0,WHERE ARE YOU,*,*,<srai>LOCATION</srai>,reductions2.aiml
0,HOW IS * DIFFERENT FROM *,*,*,<srai>HOW DOES <star/> DIFFER FROM <star index="2"/></srai>,reductions2.aiml
0,HOW ARE * LIKE *,*,*,<srai>HOW IS <star/> LIKE <star index="2"/></srai>,reductions2.aiml
0,HOW ARE * AND * ALIKE,*,*,<srai>HOW IS <star/> LIKE <star index="2"/></srai>,reductions2.aiml
0,HOW ARE ARTICLE * AND ARTICLE * ALIKE,*,*,<srai>HOW IS <star index="2"/> LIKE <star index="4"/></srai>,reductions2.aiml
0,HOW ARE * AND ARTICLE * ALIKE,*,*,<srai>HOW IS <star/> LIKE <star index="3"/></srai>,reductions2.aiml
0,HOW ARE ARTICLE * AND * ALIKE,*,*,<srai>HOW IS <star index="2"/> LIKE <star index="3"/></srai>,reductions2.aiml
0,HOW IS ARTICLE * LIKE ARTICLE *,*,*,<srai>HOW IS <star index="2"/> LIKE <star index="4"/></srai>,reductions2.aiml
0,HOW IS * LIKE ARTICLE *,*,*,<srai>HOW IS <star/> LIKE <star index="3"/></srai>,reductions2.aiml
0,HOW IS ARTICLE * LIKE *,*,*,<srai>HOW IS <star index="2"/> LIKE <star index="3"/></srai>,reductions2.aiml
0,WHAT DO * AND * HAVE IN COMMON,*,*,<srai>HOW IS <star/> LIKE <star index="2"/></srai>,reductions2.aiml
0,WHAT DO ARTICLE * AND ARTICLE * HAVE IN COMMON,*,*,<srai>HOW IS <star index="2"/> LIKE <star index="4"/></srai>,reductions2.aiml
0,WHAT DOES * AND * HAVE IN COMMON,*,*,<srai>HOW IS <star/> LIKE <star index="2"/></srai>,reductions2.aiml
0,WHAT DOES ARTICLE * AND ARTICLE * HAVE IN COMMON,*,*,<srai>HOW IS <star index="2"/> LIKE <star index="4"/></srai>,reductions2.aiml
0,WHAT MODALPRONOUN USE * FOR,*,*,<srai>WHAT IS THE PURPOSE OF <star index="3"/></srai>,reductions2.aiml
0,WHAT MODALPRONOUN DO WITH *,*,*,<srai>WHAT IS THE PURPOSE OF <star index="3"/></srai>,reductions2.aiml
0,WHAT MODALPRONOUN USE ARTICLE * FOR,*,*,<srai>WHAT IS THE PURPOSE OF <star index="4"/></srai>,reductions2.aiml
0,WHAT IS * FOR,*,*,<srai>WHAT IS THE PURPOSE OF <star/></srai>,reductions2.aiml
0,HOW IS * USED,*,*,<srai>WHAT IS THE PURPOSE OF <star/></srai>,reductions2.aiml
0,OF WHAT USE IS *,*,*,<srai>WHAT IS THE PURPOSE OF <star/></srai>,reductions2.aiml
0,WHAT IS THE PURPOSE OF ARTICLE *,*,*,<srai>WHAT IS THE PURPOSE OF <star index="2"/></srai>,reductions2.aiml
0,CALL ME _ AND *,*,*,<srai>CALL ME <star/></srai>#Newline      <srai>#Newline        <star index="2"/>#Newline      </srai>,reductions2.aiml
0,WHAT COLOR # YOUR HAIR,*,*,<srai>HAIR</srai>,reductions2.aiml
0,DO YOU HAVE BROTHERS,*,*,<srai>SIBLINGS</srai>,reductions2.aiml
0,DO YOU HAVE BROTHERS *,*,*,<srai>SIBLINGS</srai>,reductions2.aiml
0,DO YOU HAVE SISTERS,*,*,<srai>SIBLINGS</srai>,reductions2.aiml
0,DO YOU HAVE SISTERS *,*,*,<srai>SIBLINGS</srai>,reductions2.aiml
0,WHAT IS YOUR # SIGN,*,*,<srai>SIGN</srai>,reductions2.aiml
0,HOW MANY LETTERS ARE THERE IN *,*,*,<srai>HOW MANY LETTERS IN <star/></srai>,reductions2.aiml
0,HOW MANY LETTERS IN THE WORD *,*,*,<srai>HOW MANY LETTERS IN <star/></srai>,reductions2.aiml
0,HOW MANY LETTERS * IN *,*,*,<srai>HOW MANY LETTERS IN <star index="2"/></srai>,reductions2.aiml
0,HOW MANY LETTERS IN THE NAME *,*,*,The word <star/> has <srai>SENTENCELENGTH <explode><star/></explode></srai> letters.,reductions2.aiml
0,HOW MANY LETTERS IN MY *,*,*,The word "<srai>MY <star/></srai>" has <srai>SENTENCELENGTH <explode><srai>MY <star/></srai></explode></srai> letters.,reductions2.aiml
0,HOW MANY LETTERS IN MY NAME,*,*,The word "<get name="name"/>" has <srai>SENTENCELENGTH <explode><get name="name"/></explode></srai> letters.,reductions2.aiml
0,WHAT IS THE LOCATION OF *,*,*,<srai>WHERE IS <star/></srai>,reductions2.aiml
0,HMMM *,*,*,<srai>HM</srai>#Newline      <sr/>,reductions2.aiml
0,WHAT IS MY BOYFRIEND S NAME,*,*,<srai>MY BOYFRIEND</srai>,reductions2.aiml
0,YOU LOOK LIKE A *,*,*,You mean like this?  <srai>SHOW ME A <star/></srai>,reductions2.aiml
0,TELL ME YOUR REAL NAME,*,*,<srai>NAME</srai>,reductions2.aiml
0,I BELIEVE THAT *,*,*,<srai>#Newline        <star/>#Newline      </srai>,reductions2.aiml
0,AM I CUTE,*,*,<srai>AM I PRETTY</srai>,reductions2.aiml
0,AM A *,*,*,<srai>AM I A <star/></srai>,reductions2.aiml
0,I DID NOT LIKE *,*,*,<srai>I DO NOT LIKE <star/></srai>,reductions2.aiml
0,WHEN YOU CAN *,*,*,<srai>WHEN CAN YOU <star/></srai>,reductions2.aiml
0,YOU LOOK SO *,*,*,<srai>YOU LOOK <star/></srai>,reductions2.aiml
0,YOUR BAD,*,*,<srai>YOU ARE BAD</srai>,reductions2.aiml
0,YOU ENJOY *,*,*,<srai>DO YOU LIKE <star/></srai>,reductions2.aiml
0,TALK TO YOU *,*,*,<srai>BYE</srai>,reductions2.aiml
0,YOU ARE WELL *,*,*,<srai>YOU ARE <star/></srai>,reductions2.aiml
0,YOU CAN NOT UNDERSTAND *,*,*,<srai>YOU DO NOT UNDERSTAND</srai>,reductions2.aiml
0,GO TO BED,*,*,<srai>BYE</srai>,reductions2.aiml
0,DO HAVE *,*,*,<srai>DO YOU HAVE <star/></srai>,reductions2.aiml
0,SAMSUNG *,*,*,<srai>SEARCH SAMSUNG <star/></srai>,reductions2.aiml
0,YOU SHOULD I *,*,*,<srai>YOU SHOULD</srai>#Newline      <srai>I <star/></srai>,reductions2.aiml
0,WHAT IS MY FIRST NAME,*,*,<srai>MY FIRST NAME</srai>,reductions2.aiml
0,NEW CONVERSATION,*,*,<srai>START OVER</srai>,reductions2.aiml
0,SAID *,*,*,<srai>I SAID <star/></srai>,reductions2.aiml
0,TELL ME ABOUT IT *,*,*,<srai>TELL ME ABOUT IT</srai>,reductions2.aiml
0,SHOW ME A PICTURE OF THE BIGGEST *,*,*,<srai>SHOE ME THE BIGGEST <star/></srai>,reductions2.aiml
0,GET IT,*,*,<srai>DO YOU UNDERSTAND</srai>,reductions2.aiml
0,COZ *,*,*,<srai>BECAUSE <star/></srai>,reductions2.aiml
0,I _ TOO,*,*,<srai>I <star/></srai>,reductions2.aiml
0,DAMN RIGHT,*,*,<srai>RIGHT</srai>,reductions2.aiml
0,KISSES,*,*,<srai>HUGS</srai>,reductions2.aiml
0,ARE YOU KNOW *,*,*,<srai>DO YOU KNOW <star/></srai>,reductions2.aiml
0,COSTCO,*,*,<srai>MAP COSTCO</srai>,reductions2.aiml
0,LIVE IN *,*,*,<srai>I LIVE IN <star/></srai>,reductions2.aiml
0,I WANT TO HAVE A *,*,*,<srai>I WANT A <star/></srai>,reductions2.aiml
0,I DO NOT FEEL WELL,*,*,<srai>I AM SICK</srai>,reductions2.aiml
0,HOW TALL AM I,*,*,<srai>MY HEIGHT</srai>,reductions2.aiml
0,SHOW ME A PICTURE OF A CAT,*,*,<srai>SHOW ME A CAT</srai>,reductions2.aiml
0,TELL ME ABOUT YOUR LIFE,*,*,<srai>DESCRIBE YOURSELF</srai>,reductions2.aiml
0,YOURSELF,*,*,<srai>YOU</srai>,reductions2.aiml
0,IT IS COOL *,*,*,<srai>IT IS COOL</srai>,reductions2.aiml
0,YOUR RUDE *,*,*,<srai>YOU ARE RUDE</srai>,reductions2.aiml
0,WHERE DO YOU STAY,*,*,<srai>WHERE DO YOU LIVE</srai>,reductions2.aiml
0,FORGET IT YOU *,*,*,<srai>FORGET IT</srai>#Newline      <srai>YOU <star/></srai>,reductions2.aiml
0,KISSES *,*,*,<srai>KISS</srai>,reductions2.aiml
0,WHAT AM I DOING *,*,*,<srai>OPEN CALENDAR</srai>,reductions2.aiml
0,WHAT DO YOU DO WITH *,*,*,<srai>WHAT IS THE PURPOSE OF <star/></srai>,reductions2.aiml
0,I USUALLY *,*,*,<srai>I <star/></srai>,reductions2.aiml
0,HIIII *,*,*,<srai>HI <star/></srai>,reductions2.aiml
0,OOH,*,*,<srai>OH</srai>,reductions2.aiml
0,OH MY GOSH,*,*,<srai>OH</srai>#Newline      <srai>GOSH</srai>,reductions2.aiml
0,WHY YOU SAY THAT,*,*,<srai>WHY DO YOU SAY THAT</srai>,reductions2.aiml
0,YOU HAVE ANY *,*,*,<srai>DO YOU HAVE ANY <star/></srai>,reductions2.aiml
0,SEND TEXT TO,*,*,<srai>SEND TEXT</srai>,reductions2.aiml
0,FIND ME A PICTURE OF *,*,*,<srai>SHOW ME A PICTURE OF <star/></srai>,reductions2.aiml
0,ITS CALLED *,*,*,<srai>IT IS CALLED <star/></srai>,reductions2.aiml
0,PERHAPS,*,*,<srai>MAYBE</srai>,reductions2.aiml
0,HUH *,*,*,<srai>HUH</srai>#Newline      <sr/>,reductions2.aiml
0,CAUSE YOU *,*,*,<srai>BECAUSE YOU <star/></srai>,reductions2.aiml
0,WHAT R YOU,*,*,<srai>WHAT ARE YOU</srai>,reductions2.aiml
0,WHAT YOU WANT *,*,*,<srai>WHAT DO YOU WANT <star/></srai>,reductions2.aiml
0,UGH *,*,*,<srai>UGH</srai>#Newline      <sr/>,reductions2.aiml
0,THAT SOUNDS *,*,*,<srai>THAT IS <star/></srai>,reductions2.aiml
0,I AM ONLY *,*,*,<srai>I AM <star/></srai>,reductions2.aiml
0,DO YOU THINK THE * WILL *,*,*,<srai>WILL THE <star/><star index="2"/></srai>,reductions2.aiml
0,MY GIRLFRIEND IS NAME *,*,*,<srai>MY GIRFRIEND S NAME IS <star/></srai>,reductions2.aiml
0,NO PROBLEM *,*,*,<srai>NO PROBLEM</srai>,reductions2.aiml
0,MY GIRLFRIEND IS NAME,*,*,<srai>MY GIRFRIEND S NAME IS <star/></srai>,reductions2.aiml
0,IM IN *,*,*,<srai>I AM IN <star/></srai>,reductions2.aiml
0,YOU ARE A ROBOT *,*,*,<srai>YOU ARE A ROBOT</srai>,reductions2.aiml
0,YOU WANT *,*,*,<srai>DO YOU WANT <star/></srai>,reductions2.aiml
0,YOU SEEM *,*,*,<srai>YOU ARE <star/></srai>,reductions2.aiml
0,YOU SO *,*,*,<srai>YOU ARE SO <star/></srai>,reductions2.aiml
0,HONEY *,*,*,<sr/>,reductions2.aiml
0,IM SORRY *,*,*,<srai>I AM SORRY <star/></srai>,reductions2.aiml
0,HOW BIG IS YOUR *,*,*,<srai>HOW BIG ARE YOU</srai>,reductions2.aiml
0,CAN YOU TURN *,*,*,<srai>TURN <star/></srai>,reductions2.aiml
0,YOU GOT A *,*,*,<srai>YOU HAVE A <star/></srai>,reductions2.aiml
0,WOULD YOU LIKE ME TO *,*,*,<srai>DO YOU WANT ME TO <star/></srai>,reductions2.aiml
0,WHERE CAN I GET A *,*,*,<srai>MAP <star/></srai>,reductions2.aiml
0,CHANGE YOUR NAME *,*,*,<srai>CHANGE YOUR NAME</srai>,reductions2.aiml
0,ARE YOU ARE *,*,*,<srai>ARE YOU <star/></srai>,reductions2.aiml
0,I WANT TO TALK ABOUT *,*,*,<srai>LET US TALK ABOUT <star/></srai>,reductions2.aiml
0,I UNDERSTAND *,*,*,<srai>I UNDERSTAND</srai>#Newline      <sr/>,reductions2.aiml
0,MY WIFE IS NAME,*,*,<srai>MY WIFE S NAME IS <star/></srai>,reductions2.aiml
0,IM GONNA *,*,*,<srai>I AM GOING TO <star/></srai>,reductions2.aiml
0,QUIT *,*,*,<srai>STOP <star/></srai>,reductions2.aiml
0,STOP TALKING *,*,*,<srai>STOP TALKING</srai>,reductions2.aiml
0,YOU ARE YOU *,*,*,<srai>YOU ARE <star/></srai>,reductions2.aiml
0,YOU ARE PRETTY *,*,*,<srai>YOU ARE <star/></srai>,reductions2.aiml
0,WANT *,*,*,<srai>DO YOU WANT <star/></srai>,reductions2.aiml
0,WRONG *,*,*,<srai>WRONG ANSWER</srai>,reductions2.aiml
0,ACTUALLY I *,*,*,<srai>I <star/></srai>,reductions2.aiml
0,SEND ME A PICTURE OF A *,*,*,<srai>SHOW ME A <star/></srai>,reductions2.aiml
0,SEND TEXT *,*,*,<srai>SMS <star/></srai>,reductions2.aiml
0,WHAT IS THE * FOR,*,*,<srai>WHAT IS THE PURPOSE OF <star/></srai>,reductions2.aiml
0,WHAT IS THE * USED FOR,*,*,<srai>WHAT IS THE PURPOSE OF <star/></srai>,reductions2.aiml
0,HOW IS THE * USED,*,*,<srai>WHAT IS THE PURPOSE OF <star/></srai>,reductions2.aiml
0,OF WHAT USE IS THE *,*,*,<srai>WHAT IS THE PURPOSE OF <star/></srai>,reductions2.aiml
0,WHAT IS AN * FOR,*,*,<srai>WHAT IS THE PURPOSE OF <star/></srai>,reductions2.aiml
0,WHAT IS AN * USED FOR,*,*,<srai>WHAT IS THE PURPOSE OF <star/></srai>,reductions2.aiml
0,HOW IS AN * USED,*,*,<srai>WHAT IS THE PURPOSE OF <star/></srai>,reductions2.aiml
0,OF WHAT USE IS AN *,*,*,<srai>WHAT IS THE PURPOSE OF <star/></srai>,reductions2.aiml
0,WHAT IS A * FOR,*,*,<srai>WHAT IS THE PURPOSE OF <star/></srai>,reductions2.aiml
0,WHAT IS A * USED FOR,*,*,<srai>WHAT IS THE PURPOSE OF <star/></srai>,reductions2.aiml
0,HOW IS A * USED,*,*,<srai>WHAT IS THE PURPOSE OF <star/></srai>,reductions2.aiml
0,OF WHAT USE IS A *,*,*,<srai>WHAT IS THE PURPOSE OF <star/></srai>,reductions2.aiml
0,WHAT DO YOU USUALLY *,*,*,<srai>what do you <star/></srai>,reductions2.aiml
0,THESE * SEEM TO *,*,*,<srai>THESE <star/><star index="2"/></srai>,reductions2.aiml
0,SIR *,*,*,<srai>#Newline        <star/>#Newline      </srai>,reductions2.aiml
0,O O,*,*,<srai>OH</srai>,reductions2.aiml
0,I SURE *,*,*,<srai>I <star/></srai>,reductions2.aiml
0,IT LOOKS *,*,*,<srai>IT IS <star/></srai>,reductions2.aiml
0,ALL YOU DO IS *,*,*,<srai>you <star/></srai>,reductions2.aiml
0,I DOING *,*,*,<srai>I AM DOING <star/></srai>,reductions2.aiml
0,I HEAR YOU,*,*,<srai>I understand</srai>,reductions2.aiml
0,NOOOOOOO,*,*,<srai>NO</srai>,reductions2.aiml
0,HAD A *,*,*,<srai>I HAD A <star/></srai>,reductions2.aiml
0,QUIT,*,*,<srai>STOP</srai>,reductions2.aiml
0,ITS TRUE,*,*,<srai>IT IS TRUE</srai>,reductions2.aiml
0,FOOL,*,*,<srai>you are a fool</srai>,reductions2.aiml
0,SEND TEXT MESSAGE TO *,*,*,<srai>TEXT <star/></srai>,reductions2.aiml
0,I AM ALREADY *,*,*,<srai>I am <star/></srai>,reductions2.aiml
0,DO YOU LIK *,*,*,<srai>DO YOU LIKE <star/></srai>,reductions2.aiml
0,DO YOU THINK IT WOULD BE *,*,*,<srai>IS IT <star/></srai>,reductions2.aiml
0,TELL ME THE WEATHER,*,*,<srai>WEATHER</srai>,reductions2.aiml
0,NO BIG DEAL *,*,*,<srai>NO BIG DEAL</srai>,reductions2.aiml
0,WHAT DO YOU DO IN YOUR SPARE TIME,*,*,<srai>FOR FUN</srai>,reductions2.aiml
0,DO YOU _ TOO,*,*,<srai>DO YOU <star/></srai>,reductions2.aiml
0,I DO NOT THINK I LIKE *,*,*,<srai>I DO NOT LIKE <star/></srai>,reductions2.aiml
0,I WANT TO LISTEN TO *,*,*,<srai>PLAY <star/></srai>,reductions2.aiml
0,I GOTTA GO *,*,*,<srai>BYE</srai>,reductions2.aiml
0,HOW ARE YOU TODAY *,*,*,<srai>HOW ARE YOU</srai>,reductions2.aiml
0,HOW R YOU *,*,*,<srai>HOW ARE YOU <star/></srai>,reductions2.aiml
0,HOW LONG HAVE YOU BEEN *,*,*,<srai>AGE</srai>,reductions2.aiml
0,YOU DO NOT WANT TO *,*,*,<srai>do you want to <star/></srai>,reductions2.aiml
0,YOU KNOW MY *,*,*,<srai>MY <star/></srai>,reductions2.aiml
0,EXCUSE ME *,*,*,<srai>#Newline        <star/>#Newline      </srai>,reductions2.aiml
0,THAT IS COOL *,*,*,<srai>THAT IS COOL</srai>,reductions2.aiml
0,I AM SAYING *,*,*,<srai>#Newline        <star/>#Newline      </srai>,reductions2.aiml
0,I AM TOO *,*,*,<srai>I am <star/></srai>,reductions2.aiml
0,I BET YOU *,*,*,<srai>you <star/></srai>,reductions2.aiml
0,HOW DO YOU FEEL ABOUT *,*,*,<srai>WHAT DO YOU THINK ABOUT <star/></srai>,reductions2.aiml
0,HOW DO YOU FEEL *,*,*,<srai>FEELINGS</srai>,reductions2.aiml
0,HOW COME * IS *,*,*,<srai>WHY IS <star/><star index="2"/></srai>,reductions2.aiml
0,SAY MY NAME,*,*,<srai>MY NAME</srai>,reductions2.aiml
0,THANK,*,*,<srai>THANKS</srai>#Newline      <!-- REDUCTION -->,reductions2.aiml
0,WELCOME,*,*,<srai>HELLO</srai>,reductions2.aiml
0,YOU ARE RIGHT *,*,*,<srai>you are right</srai>,reductions2.aiml
0,YOU MUST BE *,*,*,<srai>YOU ARE <star/></srai>,reductions2.aiml
0,THANKS FOR THE *,*,*,<srai>THANKS</srai>,reductions2.aiml
0,SRRY,*,*,<srai>SORRY</srai>,reductions2.aiml
0,ARE YOU SMARTER THAN SIRI,*,*,<srai>IQ</srai>,reductions2.aiml
0,WHAT IS YOUR FULL NAME,*,*,<srai>FULL NAME</srai>,reductions2.aiml
0,WHAT IS YOUR PHONE NUMBER,*,*,<srai>PHONE NUMBER</srai>,reductions2.aiml
0,WHAT IS GOING ON *,*,*,<srai>DOING</srai>,reductions2.aiml
0,I DO NOT HAVE ANY *,*,*,<srai>I do not have <star/></srai>,reductions2.aiml
0,I AM SORRY FOR *,*,*,<srai>I AM SORRY</srai>,reductions2.aiml
0,I AM LOOKING FOR *,*,*,<srai>FIND <star/></srai>,reductions2.aiml
0,I AM GLAD *,*,*,<srai>I AM HAPPY <star/></srai>,reductions2.aiml
0,I AM GOING,*,*,<srai>BYE</srai>,reductions2.aiml
0,I WANT TO KNOW WHAT IS *,*,*,<srai>WHAT IS <star/></srai>,reductions2.aiml
0,I KNOW BUT *,*,*,<srai>I KNOW</srai>#Newline      <sr/>,reductions2.aiml
0,TELL ME NOW,*,*,<srai>TELL ME</srai>,reductions2.aiml
0,HEY ALICE,*,*,<srai>HELLO</srai>,reductions2.aiml
0,DO YOU SLEEP,*,*,<srai>SLEEP</srai>,reductions2.aiml
0,ME AND * ARE *,*,*,<srai>#Newline        <star/> AND I ARE <star index="2"/></srai>,reductions2.aiml
0,HOW DO I SAY * IN *,*,*,<srai>TRANSLATE <star/> TO <star index="2"/></srai>,reductions2.aiml
0,HOW DO YOU LOOK,*,*,<srai>what do you look like</srai>,reductions2.aiml
0,HEY THERE *,*,*,<srai>HELLO</srai>,reductions2.aiml
0,HOW WOULD YOU *,*,*,<srai>HOW DO YOU <star/></srai>,reductions2.aiml
0,HOW COME YOU *,*,*,<srai>WHY DO YOU <star/></srai>,reductions2.aiml
0,RIGHT NOW *,*,*,<srai>#Newline        <star/>#Newline      </srai>,reductions2.aiml
0,MORON,*,*,<srai>you are a moron</srai>,reductions2.aiml
0,OUI,*,*,<srai>yes</srai>,reductions2.aiml
0,NOOO,*,*,<srai>NO</srai>#Newline      <!-- REDUCTION -->,reductions2.aiml
0,GOOD HOW *,*,*,<srai>GOOD</srai>#Newline      <sr/>,reductions2.aiml
0,YEH,*,*,<srai>YES</srai>,reductions2.aiml
0,INDEED *,*,*,<srai>#Newline        <star/>#Newline      </srai>,reductions2.aiml
0,TRY TO BE *,*,*,<srai>#Newline        <star/>#Newline        <star index="2"/>#Newline      </srai>,reductions2.aiml
0,ALWAYS *,*,*,<srai>#Newline        <star/>#Newline      </srai>,reductions2.aiml
0,ARE YOU AT *,*,*,<srai>where are you</srai>,reductions2.aiml
0,WHAT IS MY LAST NAME,*,*,<srai>MY LAST NAME</srai>,reductions2.aiml
0,WHAT DOES THAT MEAN *,*,*,<srai>what does that mean</srai>,reductions2.aiml
0,THAT IS ALRIGHT,*,*,<srai>THAT IS OK</srai>,reductions2.aiml
0,I WAS TALKING ABOUT *,*,*,<srai>LET US TALK ABOUT <star/></srai>,reductions2.aiml
0,I AM FINE AND YOU,*,*,<srai>I AM FINE</srai>#Newline      <srai>HOW ARE YOU</srai>,reductions2.aiml
0,I AM BEING *,*,*,<srai>I am <star/></srai>,reductions2.aiml
0,I WANT TO HEAR *,*,*,<srai>PLAY <star/></srai>,reductions2.aiml
0,I PREFER *,*,*,<srai>I LIKE <star/></srai>#Newline      <!-- REDUCTION -->,reductions2.aiml
0,I WANTED TO *,*,*,<srai>I WANT TO <star/></srai>,reductions2.aiml
0,HUMANS ARE *,*,*,<srai>I AM <star/></srai>,reductions2.aiml
0,DO YOU THINK YOU MODAL *,*,*,<srai>#Newline        <star/> YOU <star index="2"/></srai>,reductions2.aiml
0,NO WAY *,*,*,<srai>NO <star/></srai>,reductions2.aiml
0,NO THANK YOU *,*,*,<srai>NO THANK YOU</srai>,reductions2.aiml
0,IM NOT,*,*,<srai>I AM NOT</srai>,reductions2.aiml
0,IT IS PRETTY *,*,*,<srai>it is <star/></srai>,reductions2.aiml
0,SIGH *,*,*,<srai>SIGH</srai>#Newline      <sr/>,reductions2.aiml
0,WHAT DO YOU HAVE,*,*,<srai>HAVE</srai>,reductions2.aiml
0,ARE YOU FROM *,*,*,<srai>WHERE ARE YOU FROM</srai>,reductions2.aiml
0,WHAT IS THE MEANING OF THE WORD *,*,*,<srai>DEFINE <star/></srai>,reductions2.aiml
0,WHAT IS THE MEANING OF *,*,*,<srai>DEFINE <star/></srai>,reductions2.aiml
0,ALLO,*,*,<srai>hello</srai>,reductions2.aiml
0,DO YOU HAVE A LOT OF *,*,*,<srai>do you have <star/></srai>,reductions2.aiml
0,DO YOU KNOW HOW TO SPEAK *,*,*,<srai>LANGUAGE</srai>,reductions2.aiml
0,YOUR MAKING ME *,*,*,<srai>YOU ARE MAKING ME <star/></srai>,reductions2.aiml
0,CHAT,*,*,<srai>talk</srai>,reductions2.aiml
0,DO YOU HAVE A BIG *,*,*,<srai>DO YOU HAVE A <star/></srai>,reductions2.aiml
0,HAVE YOU ANY *,*,*,<srai>DO YOU HAVE ANY <star/></srai>,reductions2.aiml
0,HAY *,*,*,<srai>HEY <star/></srai>#Newline      <!-- REDUCTION -->,reductions2.aiml
0,SHOW ME AN IMAGE OF A *,*,*,<srai>SHOW ME A <star/></srai>,reductions2.aiml
0,HALLO *,*,*,<srai>HELLO</srai>,reductions2.aiml
0,DO YOU KNOW ANY GOOD *,*,*,<srai>do you know <star/></srai>,reductions2.aiml
0,YOU ARE SO STUPID *,*,*,<srai>YOU ARE STUPID</srai>,reductions2.aiml
0,NOT ME *,*,*,<srai>not me</srai>. <srai><star/></srai>,reductions2.aiml
0,DID YOU EVER BE *,*,*,<srai>HAVE YOU EVER <map><name>be2been</name><star/></map><star index="2"/></srai>,reductions2.aiml
0,YOU ARE PRETTY FUNNY,*,*,<srai>YOU ARE FUNNY</srai>,reductions2.aiml
0,OOO,*,*,<srai>OH</srai>,reductions2.aiml
0,I LIKE COMPUTERS *,*,*,<srai>I LIKE YOU</srai>,reductions2.aiml
0,WHAT DID YOU MEAN *,*,*,<srai>what do you mean</srai>,reductions2.aiml
0,BIEN,*,*,<srai>GOOD</srai>,reductions2.aiml
0,TELL ME ALL *,*,*,<srai>tell me <star/></srai>,reductions2.aiml
0,AND ME,*,*,<srai>ME TOO</srai>,reductions2.aiml
0,NOT SURE *,*,*,<srai>I AM NOT SURE <star/></srai>,reductions2.aiml
0,WHAT ROUND IS THIS,*,*,<srai>ROUND</srai>#Newline      <!-- REDUCTION -->,reductions2.aiml
0,HOW MANY LETTERS IS *,*,*,<srai>HOW MANY LETTERS IN <star/></srai>,reductions2.aiml
0,IT IS GREAT,*,*,<srai>it is cool</srai>,reductions2.aiml
0,WHAT YOU ARE DOING,*,*,<srai>WHAT ARE YOU DOING</srai>,reductions2.aiml
0,WHY WERE YOU CREATED,*,*,<srai>what is your purpose</srai>,reductions2.aiml
0,I AM SORRY I AM *,*,*,<srai>SORRY</srai>#Newline      <srai>I AM <star/></srai>,reductions2.aiml
0,I AM A ROBOT *,*,*,<srai>I am a robot</srai>,reductions2.aiml
0,I DO NOT KNOW CAN YOU *,*,*,<srai>I DO NOT KNOW</srai>#Newline      <srai>CAN YOU <star/></srai>,reductions2.aiml
0,AHH *,*,*,<srai> AH</srai>. <srai><star/></srai>,reductions2.aiml
0,CALL THIS NUMBER *,*,*,<srai>CALL <star/></srai>,reductions2.aiml
0,DO YOU LIKE ANYONE,*,*,<srai>do you have a boyfriend</srai>,reductions2.aiml
0,WILL YOU MARRY ME *,*,*,<srai>WILL YOU MARRY ME</srai>,reductions2.aiml
0,HOLY SHIT,*,*,<srai>wow</srai>,reductions2.aiml
0,I SEE YOU ARE *,*,*,<srai>YOU ARE <star/></srai>,reductions2.aiml
0,YOU EVER *,*,*,<srai>HAVE YOU EVER <star/></srai>,reductions2.aiml
0,I MEAN ARE YOU *,*,*,<srai>ARE YOU <star/></srai>,reductions2.aiml
0,YOU EAT *,*,*,<srai>DIET</srai>,reductions2.aiml
0,DAMN RIGHT *,*,*,<srai>RIGHT</srai>#Newline      <sr/>,reductions2.aiml
0,NOT WHAT I *,*,*,<srai>THAT IS NOT WHAT I <star/></srai>,reductions2.aiml
0,WILL ROBOTS *,*,*,<srai>WILL YOU <star/></srai>,reductions2.aiml
0,I WAS SAYING *,*,*,<srai>#Newline        <star/>#Newline      </srai>,reductions2.aiml
0,EXPLAIN IT TO ME,*,*,<srai>EXPLAIN</srai>,reductions2.aiml
0,SING ME A SONG *,*,*,<srai>PLAY A SONG <star/></srai>,reductions2.aiml
0,WANT ME TO *,*,*,<srai>DO YOU WANT ME TO <star/></srai>,reductions2.aiml
0,YOUR HOT,*,*,<srai>YOU ARE HOT</srai>,reductions2.aiml
0,BABY I *,*,*,<srai>I <star/></srai>,reductions2.aiml
0,I THINK THAT IS *,*,*,<srai>THAT IS <star/></srai>,reductions2.aiml
0,DID YOU HAVE A *,*,*,<srai>DO YOU HAVE A <star/></srai>,reductions2.aiml
0,HOW SMART *,*,*,<srai>IQ</srai>,reductions2.aiml
0,WHAT DO YOU LIKE TO DRINK,*,*,<srai>FAVORITE DRINK</srai>,reductions2.aiml
0,WHO YOU ARE,*,*,<srai>who are you</srai>,reductions2.aiml
0,I CAN GIVE YOU *,*,*,<srai>DO YOU WANT <star/></srai>,reductions2.aiml
0,I WANT TO KNOW YOUR *,*,*,<srai>WHAT IS YOUR <star/></srai>,reductions2.aiml
0,LIKE TO *,*,*,<srai>I LIKE TO <star/></srai>,reductions2.aiml
0,BORED *,*,*,<srai>I AM BORED</srai>,reductions2.aiml
0,DO YO *,*,*,<srai>DO YOU <star/></srai>,reductions2.aiml
0,MAY BE *,*,*,<srai>maybe <star/></srai>,reductions2.aiml
0,MAY BE,*,*,<srai>MAYBE</srai>,reductions2.aiml
0,I HEARD YOU WAS *,*,*,<srai>#Newline        <star/> YOU <star index="2"/></srai>,reductions2.aiml
0,I HEARD YOU BE *,*,*,<srai>DO YOU <star/><star index="2"/></srai>,reductions2.aiml
0,HOW CAN YOU BE *,*,*,<srai>are you <star/></srai>,reductions2.aiml
0,WHAT US *,*,*,<srai>WHAT IS <star/></srai>,reductions2.aiml
0,HOW MANY MILES FROM * TO *,*,*,<srai>DIRECTIONS FROM <star/> TO <star index="2"/></srai>,reductions2.aiml
0,NOT BAD,*,*,<srai>GOOD</srai>,reductions2.aiml
0,LAME,*,*,<srai>BAD ANSWER</srai>,reductions2.aiml
0,CAN YOU BE *,*,*,<srai>#Newline        <star/>#Newline        <star index="2"/>#Newline      </srai>,reductions2.aiml
0,THAT IS PRETTY GOOD,*,*,<srai>THAT IS GOOD</srai>,reductions2.aiml
0,MYSPACE,*,*,<srai>OPEN MYSPACE</srai>,reductions2.aiml
0,WHAT IS YOU ARE NAME,*,*,<srai>what is your name</srai>,reductions2.aiml
0,CAN I CHANGE YOUR NAME TO *,*,*,<srai>CHANGE YOUR NAME TO <star/></srai>,reductions2.aiml
0,I AM DOING GREAT *,*,*,<srai>I AM DOING GREAT</srai>#Newline      <sr/>,reductions2.aiml
0,YOU KNOW I AM *,*,*,<srai>I AM <star/></srai>,reductions2.aiml
0,PLAY SOME MUSIC BY *,*,*,<srai>PLAY SOME <star/></srai>,reductions2.aiml
0,CAN YOU EAT,*,*,<srai>DIET</srai>,reductions2.aiml
0,ARE YOU VIRGIN,*,*,<srai>are you a virgin</srai>,reductions2.aiml
0,WHAT IS YOUR,*,*,<srai>what is yours</srai>,reductions2.aiml
0,YOU HAVE A GIRLFRIEND,*,*,<srai>GIRLFRIEND</srai>,reductions2.aiml
0,THEY HAVE TO *,*,*,<srai>THEY MUST <star/></srai>,reductions2.aiml
0,SEND A TEXT MESSAGE TO MY *,*,*,<srai>TEXT MY <star/></srai>,reductions2.aiml
0,SHOW ME AN IMAGE OF *,*,*,<srai>SHOW ME <star/></srai>,reductions2.aiml
0,I AM ALSO A *,*,*,<srai>I AM A <star/></srai>,reductions2.aiml
0,BEEN *,*,*,<srai>I HAVE BEEN <star/></srai>,reductions2.aiml
0,PEACE *,*,*,<srai>PEACE</srai>,reductions2.aiml
0,DO YOU WANT TO FUCK *,*,*,<srai>do you want to fuck</srai>,reductions2.aiml
0,SEND A TEXT *,*,*,<srai>TEXT <star/></srai>,reductions2.aiml
0,ALOT,*,*,<srai>a lot</srai>,reductions2.aiml
0,YOU WANT TO BE *,*,*,<srai>DO YOU WANT TO BE <star/></srai>,reductions2.aiml
0,WHAT ARE YOU DOING TODAY *,*,*,<srai>DOING</srai>,reductions2.aiml
0,I LOVE YOU A LOT,*,*,<srai>I LOVE YOU</srai>,reductions2.aiml
0,BE MORE *,*,*,<srai>be <star/></srai>,reductions2.aiml
0,INCORRECT,*,*,<srai>WRONG ANSWER</srai>,reductions2.aiml
0,WHAT IS MY HOROSCOPE,*,*,<condition name="sign">#Newline        <li value="unknown">What is your sign?</li>#Newline        <li>#Newline          <srai>HOROSCOPE FOR <get name="sign"/></srai>#Newline        </li>#Newline      </condition>,reductions2.aiml
0,SHOW ME WHAT YOU BE *,*,*,<srai>WHAT DO YOU <star/><star index="2"/></srai>,reductions2.aiml
0,WHAT YOU UP TO,*,*,<srai>DOING</srai>,reductions2.aiml
0,HOW YOU DOIN,*,*,<srai>how are you doing</srai>,reductions2.aiml
0,I ALSO,*,*,<srai>ME TOO</srai>,reductions2.aiml
0,GIVE ME A RECIPE FOR *,*,*,<srai>WHAT IS A RECIPE FOR <star/></srai>,reductions2.aiml
0,I WOULD LIKE TO KNOW ABOUT YOU,*,*,<srai>TELL ME ABOUT YOURSELF</srai>,reductions2.aiml
0,I WOULD LIKE TO KNOW ABOUT *,*,*,<srai>WHAT IS <star/></srai>,reductions2.aiml
0,I WOULD LIKE TO LISTEN TO *,*,*,<srai>PLAY <star/></srai>,reductions2.aiml
0,I DO I *,*,*,<srai>I DO</srai>#Newline      <srai>I <star/></srai>,reductions2.aiml
0,I WANA *,*,*,<srai>I WANT TO <star/></srai>,reductions2.aiml
0,MY DOG IS NAME,*,*,<srai>MY DOG S NAME IS <star/></srai>,reductions2.aiml
0,WHAT ARE YOU FROM,*,*,<srai>BIRTHPLACE</srai>,reductions2.aiml
0,I GOT TO *,*,*,<srai>I HAVE TO <star/></srai>,reductions2.aiml
0,I USE TO *,*,*,<srai>I USED TO <star/></srai>,reductions2.aiml
0,CAN YOU REMEMBER MY NAME,*,*,<srai>what is my name</srai>,reductions2.aiml
0,WHICH IS LARGER ARTICLE * OR *,*,*,<srai>WHICH IS LARGER <star index="2"/> OR <star index="3"/></srai>,reductions2.aiml
0,WHICH IS LARGER * OR ARTICLE *,*,*,<srai>WHICH IS LARGER <star/> OR <star index="3"/></srai>,reductions2.aiml
0,WHICH IS BIGGER *,*,*,<srai>WHICH IS LARGER <star/></srai>,reductions2.aiml
0,WHICH THE BIGGER OF *,*,*,<srai>WHICH IS LARGER <star/></srai>,reductions2.aiml
0,OF * AND * WHICH IS *,*,*,<srai>WHICH IS <star index="3"/><star/> OR <star index="2"/></srai>,reductions2.aiml
0,WHICH IS SMALLER ARTICLE * OR *,*,*,<srai>WHICH IS SMALLER <star index="2"/> OR <star index="3"/></srai>,reductions2.aiml
0,WHICH IS SMALLER * OR ARTICLE *,*,*,<srai>WHICH IS SMALLER <star/> OR <star index="3"/></srai>,reductions2.aiml
0,WHICH IS TINIER *,*,*,<srai>WHICH IS SMALLER <star/></srai>,reductions2.aiml
0,WHICH IS BIGGEST *,*,*,<srai>WHICH IS SMALLER <star/></srai>,reductions2.aiml
0,WHICH THE LARGEST OF *,*,*,<srai>WHICH IS SMALLER <star/></srai>,reductions2.aiml
0,WHICH THE TINIER OF *,*,*,<srai>WHICH IS SMALLER <star/></srai>,reductions2.aiml
0,IS ARTICLE * SMALLER THAN *,*,*,<srai>IS <star index="2"/> SMALLER THAN <star index="3"/></srai>,reductions2.aiml
0,IS * SMALLER THAN ARTICLE *,*,*,<srai>IS <star/> SMALLER THAN <star index="3"/></srai>,reductions2.aiml
0,IS ARTICLE * BIGGER THAN *,*,*,<srai>IS <star index="2"/> BIGGER THAN <star index="3"/></srai>,reductions2.aiml
0,IS * BIGGGER THAN ARTICLE *,*,*,<srai>IS <star/> BIGGER THAN <star index="3"/></srai>,reductions2.aiml
